Productnaam;EAN
geurkaars white jasmine h12 d12;8716522094664
geurkaars oudh bergamot h6 d4,5;8716522094671
geurkaars oudh bergamot h9 d8;8716522094688
geurkaars oudh bergamot h12 d12;8716522094695
Bellen Goud Aan Touw 4;8716522053128
wijnkoeler hert champagne goud large 42X48X30cm;8716522092028
Wandkop Schaap off white S;8716522110227
Wandkop Alpaca off white XL;8716522110296
Linen & More   Keukendoeken   Theedoeken   Dutch Check   Set/3   Blauw/Wit   50x70cm;8717266373091
Dutch Check Schort rood 75x90cm;8717266373107
Linen & More - serie Indi - keukenschort - BBQ schort - tuinschort - legergroen - 100% katoen - one size;8717266385209
Opblaasbare outdoor pouf – Zitzak – Light Grey - St. Maxime outdoor pouf – 55x25 cm – beschikbaar in verschillende kleuren;8717266349065
placemat openhaard hout 30x40cm (4);8716522043631
placemat teckel 30x40cm (4);8716522043693
Mars & More onderzetter kruiden (set van 6);8716522049886
Mars&More - Onderzetters - Jungle - Wit - setvan4;8716522075069
Onderzetters - zebra - Mars & More;8716522079661
Mars & More Koeienhuid onderzetter- Zebra Print;8716522082197
Mars & More Koeienhuid onderzetter luipaard print;8716522082210
Mars & More Onderzetter bloemen groen 10x10cm (set van 6);8716522103915
deurstopper fluweel petrol 18cm;8716522063592
deurstopper katoen donker rood 18cm;8716522087147
deurstopper kat staart roze 18x15x17 cm;8716522090802
Deurstopper Hond zit ruit 21x16x26 cm;8716522090857
deurstopper schaap krulhaar wit 15cm;8716522101140
Daisy Flowers Pannenlap Onderzetter rond oranje 20cm;8717266051531
Daisy Flowers Pannenlap Onderzetter rond roze 20cm;8717266051616
Freddie Pannenlap Onderzetter rond roze 20cm;8717266051715
Linen & More - Pannenlap - Indi Beige - 20x20cm - 1 stuk;8717266342479
Linen & More-  2 stuks Pannenlappen indi grey;8717266342493
Daisy Flowers Ovenwant oranje 18x33cm;8717266051548
Freddie Ovenwant roze 18x33cm;8717266051722
Linen & More - Ovenwant 'Indi' (Offwhite);8717266342301
Linen & More -  Ovenwant Indi Beige;8717266342325
Linen & More - Ovenwant 'Indi' (Army Green);8717266385216
schoenlepel steenbok 49cm;8716522024258
2LIF tuin palletkussen set Lennon - donkergrijs - 120 x 80 cm / 120 x 40 cm - zitkussen en rugkussen;8717266428487
2LIF tuin palletkussen set Lennon - lichtgrijs - 120 x 80 cm / 120 x 40 cm - zitkussen en rugkussen;8717266428500
2LIF tuin palletkussen set Lennon - groen - 120 x 80 cm / 120 x 40 cm - zitkussen en rugkussen;8717266429392
waterhyacinth windlicht rond franjes 27cm;8716522095746
rotan windlicht recht dubbel 14cm;8716522095838
Waxinelichthouder Veren Groen (12 x 10 cm);8716522074819
Theelichthouder toekan rose large 12cm*;8716522074932
Waxinelichthouder Slang Goudkleurig;8716522076561
Mars & More Waxinelichthouder Blad Zilverkleurig (8 x 7 x 7 cm);8716522078305
Mars & More Waxinelichthouder Abstract Zilverkleurig (12,5 x 10 x 10 cm);8716522078374
*Theelichthouder luipaard stippen goud small 8cm*;8716522081718
Balkondoek windscherm basic blauw 90x300 cm;8717774827208
trofee schedel reebok op hout 20cm;8716522020571
fotolijst koe bol grijs 15x10cm;8716522075649
Theelichthouder jaguar print mat zwart medium 12cm;8716522061406
Windlicht cilinder zilver streep small;8716522081770
*windlicht cilinder zilver streep large 35cm*;8716522081794
Windlicht cilinder zilver visgraat breed small;8716522081831
*windlicht cilinder zilver visgraat breed large 35cm*;8716522081855
Theelichthouder hart grijs klein 8cm;8716522084337
Theelichthouder & taupe small 8cm;8716522087529
Theelichthouder wijn chardonnay wit small 8cm;8716522089240
Windlicht silhouette gewei small 8cm;8716522089677
Windlicht silhouette gewei large 18cm;8716522089691
Mars & More - Windlicht 'Harbour Club' - Wit (Small, 8cm);8716522089721
Mars & More - Windlicht 'Harbour Club' - Grijs (Small, 8cm);8716522089745
deurmat hout chihuahuas 75x50cm;8716522043990
Linen & More - Montreal - Plaid - Gebroken wit - 140x200cm;8714918021768
Linen & More - Montreal - Plaid - Beige - 140x200cm;8714918024394
plaid hartjes all over beige 130x180cm;8716522080780
plaid teddy krul wit 130x180cm;8716522090109
Marmaris Zwart Plaid | 130 X 170 | Plaid Voor Woonkamer Of Slaapkamer;8717266385650
Sierkussen - Linnen Look Garden Vlinders - Multicolor - 45 Cm X 45 Cm;8716522075229
Kussen fluweel grijs olifant 45x45cm;8716522082685
kussen wit met jute bies 45x45cm*;8716522084870
halfkussen franjes zilver 30x50cm;8716522088120
groot kussen teddy krul wit 40x60cm;8716522090123
kussen geborduurd wilde bloemen roze klaproos 60x60cm;8716522100945
Kussen Wintergarden Beige | 50 X 50 | Sierkussen Voor Woonkamer Of Slaapkamer;8716536183927
Kussen Winter Rose Bruin | 45 X 45 | Sierkussen Voor Woonkamer Of Slaapkamer;8716536200792
Kussen Shiny Corduroy T Urquoise | 30 X 50 | Sierkussen Voor Woonkamer Of Slaapkamer;8716536233226
Yara kussen multicolor 30x50cm;8717266035685
Vintage Flower Forest Groen Kussen | 35 X 50 | Sierkussen Voor Woonkamer Of Slaapkamer;8717266310829
Portland Roze Kussen -45 X 45;8717266391712
Mars & More - Led tafellamp - slang - slangenprint -15 cm - grijs;8716522085693
Led tafellamp slang grijs 20cm 3V (excl. 2xAA);8716522085709
schapenvacht ijsland geschoren grijs 100-110cm;8716522045697
CONACORD Deurhor magneet Moskito Fresh 90x200 cm;4004947361787
2LIF Madrid Meerkleurig Vliegengordijn deur - 93 x 230 cm;8014772136517
2LIF Malta Meerkleurig Vliegengordijn deur - 93 x 230 cm;8717266191084
2.Lif Vliegengordijn Malta - Hordeuren - 93x230 cm Zwart;8717266191107
2LIF Alcampo Zwart Vliegengordijn deur - 90 x 230 cm;8717266191121
2LIF Madrid Zwart Vliegengordijn deur - 90 x 230 cm;8717266342615
2Lif Vliegengordijn Dominica Beads Zwart 90*210 cm;8717266396977
2Lif kattenstaart Vliegengordijn groen 90x210cm;8717266432767
Sun-arts Vliegengordijn Verspringt Hulzen 232 X 100 Cm Pvc Crème;8717774820117
Sun-arts Vliegengordijn Verspringt Hulzen 232 X 100 Cm Pvc Zilver;8717774820148
Sun-arts Vliegengordijn Verspringt Hulzen 210 X 90 Cm Pvc Zwart;8717774820223
Sun-arts Vliegengordijn Verspringt Hulzen 232 X 100 Cm Pvc Zwart;8717774820230
Sun-arts Vliegengordijn Verspringt Hulzen 210x90 Cm Pvc Antraciet;8717774820384
Sun-arts Vliegengordijn Verspringt Hulzen 232x100 Cm Pvc Antraciet;8717774820391
Sun-arts Vliegengordijn Verspringt Hulzen 232 X 100 Cm Pvc Taupe;8717774820438
Sun-arts Vliegengordijn Rits Hulzen 210 X 90 Cm Pvc Bruin/crème;8717774820667
Sun-arts Vliegengordijn Rits Hulzen 232 X 100 Cm Pvc Bruin/crème;8717774820674
Sun-arts Vliegengordijn Zwaluwen Hulzen 210 X 90 Cm Pvc Crème;8717774821008
Sun-Arts - Vliegengordijn - 90x210 cm - Wit met banen Zwart Grijs;8717774824085
Sun-arts Vliegengordijn Roma Draad 210 X 90 Cm Pvc Wit/zwart;8717774825822
gobelin kussen alpine lodge 45x45cm;8716522020045
half kussen fluweel goud 35x45cm;8716522058116
kussen fluweel beige 45x45cm;8716522058147
half kussen fluweel pom pom taupe 35x45cm;8716522069402
kussen fluweel charming 2 ara's 45x45cm*;8716522074635
handgemaakt kussen fleury bambi sprookjes 45x45cm;8716522094596
Zelfklevende boeken kaftfolie transparent 45cmx2mtr;3700837100887
Banner Vence 2 pieces A + B Banner 75x100 cm 2 stuks;8717266095016
Theelichthouder - huizen - rood - groot 18cm - Mars&More - Windlicht- Waxinelicht;8716522106909
Whiteboard plakfolie 45cmx150m zelfklevend - Decoratiefolie - Plakplastic;3700837100863
Decoratie plakfolie Zilver grijs mat 45 cm x 2 meter zelfklevend - Decoratiefolie - Meubelfolie;3700837155221
Decoratie plakfolie meubelfolie Advocadogroen mat 45 cm x 2 meter zelfklevend - Decoratiefolie - Plakplastic;3700837155580
2Lif As wit zelfklevende folie 45cmx2mtr;3700837156181
2Lif Marmer zwart zelfklevende folie 45cmx2mtr;3700837157300
Decoratie plakfolie meubelfolie Arco blauw 45 cm x 2 meter zelfklevend - Decoratiefolie - Plakplastic;3700837161345
Decoratie plakfolie meubelfolie Dennen grijs 45 cm x 2 meter zelfklevend - Decoratiefolie - Plakplastic - Woodlook - Hout look;3700837161567
Statische veiligheidsfolie 92cmx2mtr;3700837161697
Modena Grey zelfklevende folie 45cmx2mtr;3700837161925
Decoratie plakfolie meubelfolie Listras metallic Concrete 45 cm x 2 meter zelfklevend - Decoratiefolie - Plakplastic;3700837161949
Decoratie plakfolie Sand 45 cm x 2 meter zelfklevend - Glasfolie anit inkijk folie - Decoratiefolie - Transparant - anti inkijk - raamfolie;3700837162458
Zand transparente zelfklevende folie 67,5 cm x 2mtr;3700837162465
Ice flowers transparente zelfklevende folie 45cmx2mtr;3700837162595
Decoratie plakfolie meubelfolie Balea silver 45cm x 1,5m zelfklevend - Decoratiefolie - Plakplastic - Raamfolie - zilverblauw;3700837165299
1x Lineafix Raamfolie - Transparant - statisch - 92x150cm - Zelfklevend - Isolatiefolie - 99% UV bescherming;8425162632203
Frost White Statische raamfolie Mini rol transparant 67,5cmx1,5mtr;8717266203831
Abbey Statische raamfolie Mini rol transparant 45cmx1,5mtr - Glas in lood look - Electrostatisch;8717266317873
Abbey Statische raamfolie Mini rol transparant 67,5cmx1,5mtr - Glas in lood look - Electrostatisch;8717266334818
Decoratie plakfolie meubelfolie Classic Ornament zwart 45 cm x 2 meter zelfklevend - Decoratiefolie - Plakplastic;8718483101085
Decoratie plakfolie meubelfolie grijs marmer carrara 45 cm x 2 meter zelfklevend - Decoratiefolie - Plakplastic - Raamfolie;8718483101283
Decoratie plakfolie meubelfolie mahonie hout prisma goud goudkrul 45 cm x 2 meter zelfklevend - Decoratiefolie - Plakplastic - Raamfolie;8718483102303
Decoratie raamfolie Girona glas in lood transparant 45m x 2 meter zelfklevend - Decoratiefolie - Plakplastic - Plakfolie;8718483102938
Decoratie plakfolie raamfolie transparant Vitrodecor nimes 67,5 cm x 2 meter zelfklevend - Decoratiefolie - Plakplastic - glas in lood;8718483107261
Decoratie plakfolie Woodbark wit 67.5 cm x 2 meter zelfklevend - Decoratiefolie - Meubelfolie - Bois blanc;8718483110940
Plakfolie - Kleeffolie - Kleefplastiek - Plakplastiek - Plakplastic - 45 cm x 200 cm - Wit Hout;8718483112128
Decoratie plakfolie Squares 67.5 cm x 2 meter zelfklevend - Decoratiefolie - Transparant - anti inkijk - raamfolie;8718483114122
Decoratie plakfolie meubelfolie Retro blauw bloemen Leah 45 cm x 2 meter zelfklevend - Decoratiefolie - Plakplastic - Raamfolie;8718483114900
Decoratie plakfolie meubelfolie Oriental Blossom zwart 45 cm x 2 meter zelfklevend - Decoratiefolie - Plakplastic;8718483117642
2Lif Decoratie raamfolie Nizza gebloemd glas in lood transparant 45m x 2 meter zelfklevend - Decoratiefolie - Plakplastic - Plakfolie;8718483118243
2Lif Decoratie raamfolie Nizza gebloemd glas in lood transparant 67,5m x 2 meter zelfklevend - Decoratiefolie - Plakplastic - Plakfolie;8718483118267
Decoratie Snake black plakfolie 45 cm x 2 meter zelfklevend - Decoratiefolie - Plakplastic - meubelfolie - Slang zwart;8718483126170
Decoratie plakfolie - marmer look - zwart - 45 cm x 2 meter - zelfklevende wrapfolie;8718483101009
Decoratie plakfolie blauw met sterren 45 cm x 2 meter zelfklevend - Jongenskamer decoratie - Decoratiefolie - Meubelfolie;8718483134175
Hersteld na koopblok-verlies 8716522110005;8716522110005
Hersteld na koopblok-verlies 8716522110012;8716522110012
Hersteld na koopblok-verlies 8716522062021;8716522062021